branch,commit
main,48a184a3d7293e30abb37c3491f3e2398c187796
main,7c56483623d9459bb04ac847f688f4bc8812a6cd
main,9a0a12fb8cbb1663dc3c18ad7f2c60ff6dcc66a4
main,bf0367ce6de75c03b92cb66950d8ad0ec3e8a1c0
main,c40288387c9180a07bc05e52118044ccc13e7703
main,d09f38ee16c7a7b4a0865f557752d88858649ae1
main,3344887c297970e1a4a4e4e80aec8e9c4367df79
main,391e45429a86fc27b06db662f748d003ce6120b3
main,f14b177905d205ffb38c716d45d5640400616b87
feature/syneticsTest,b824b6e155c064ff354d928c7dbc893a031e8ef4
feature/syneticsTest,4e7802e96d14a0ab73a58638ad02835ebe276d23
